filters,adaboost.pickle,forest.pickle,gaussiannb.pickle,knn.pickle,qda.pickle,tree.pickle,repetitions
raw,16.457106157206,7.574410096858628,2.436048766365275,0.6542315691476688,3.011121987365186,1.4410130240721628,50
start50ms,16.548955650883727,62.244825110421516,2.4155098204500973,0.6482866090955213,3.0163898020982742,2.513083998579532,50
start500ms,16.576417039032094,27.903489445568994,2.448746489128098,0.6619004629319534,3.0281496270326898,1.4893285197904333,50
start200ms,16.65360409207642,20.056487713125534,2.4150797285838053,0.6578094738069922,3.0359495052834973,1.745439340476878,50
start1000ms,16.601935937884264,76.91708648018539,2.44970234320499,0.6589144686004147,3.0434293322032318,1.4926094120601192,50
start100ms,16.584355919156224,7.381409696768969,2.4145096176071092,0.6621394170215353,2.9560640449635684,1.7276624122168869,50
