model,raw,start1000ms,start100ms,start200ms,start500ms,start50ms
knn.pickle,1.0,1.0,1.0,1.0,1.0,1.0
qda.pickle,0.4,0.4,0.4,0.4,0.4,0.4
adaboost.pickle,1.0,1.0,1.0,1.0,1.0,1.0
tree.pickle,1.0,0.5555555555555555,1.0,1.0,1.0,0.5555555555555555
forest.pickle,1.0,0.5555555555555555,1.0,0.5555555555555555,0.5555555555555555,0.5555555555555555
gaussiannb.pickle,0.3333333333333333,0.5555555555555555,0.5555555555555555,1.0,0.5555555555555555,0.5555555555555555
