model,raw,start1000ms,start100ms,start200ms,start500ms,start50ms
knn.pickle,1.0,1.0,1.0,1.0,1.0,1.0
qda.pickle,0.5333333333333333,0.5333333333333333,0.5333333333333333,0.5333333333333333,0.5333333333333333,0.5333333333333333
adaboost.pickle,1.0,1.0,1.0,1.0,1.0,1.0
tree.pickle,1.0,0.8888888888888888,1.0,1.0,1.0,0.8888888888888888
forest.pickle,1.0,0.8888888888888888,1.0,0.8888888888888888,0.8888888888888888,0.8888888888888888
gaussiannb.pickle,0.6666666666666666,0.8888888888888888,0.8888888888888888,1.0,0.8888888888888888,0.8888888888888888
