filters,adaboost.pickle,forest.pickle,gaussiannb.pickle,knn.pickle,qda.pickle,tree.pickle,datapoints,repetitions,total_inferences
raw,20.79071788606234,7.006901512853801,2.147994694998488,3.5623032599687576,3.534140540054068,0.9709371828939766,29,10,290
start50ms,10.814267469802871,6.995109910843894,2.1494197761639953,3.6608886239118874,3.506497912108898,0.9535823629703373,29,10,290
start500ms,20.741400746861473,7.008442015852779,2.156967780087143,3.865113103063777,3.5506926639936864,0.9636173120234162,29,10,290
start200ms,20.716846981085837,21.805437800940126,2.1597988691646606,3.843579423148185,3.5575067929457873,0.9582484038546681,29,10,290
start1000ms,20.822066087042913,21.7126345729921,2.1586909778416157,3.838736650068313,3.5370051190257072,0.9545794769655913,29,10,290
start100ms,20.671669885981828,7.005430951947346,2.153310087043792,3.8521297140978277,3.5277172999922186,0.9546065060421824,29,10,290
