filters,adaboost.pickle,forest.pickle,gaussiannb.pickle,knn.pickle,qda.pickle,tree.pickle,datapoints,repetitions,total_inferences
raw,20.848046518862247,7.12201089784503,2.1365788490511477,3.578538396861404,3.5277535680215806,0.9582609890494496,29,10,290
start50ms,10.924081936012954,7.014776921831071,2.1482956260442734,3.6483827538322657,3.511380390962586,0.9587579148355871,29,10,290
start500ms,20.995610135840252,7.058843313949183,2.178089353023097,3.8546964591369033,3.522792144212872,0.9623888449277729,29,10,290
start200ms,20.796253368956968,22.073277388932183,2.1375473751686513,3.9030549351591617,3.5292027899995446,0.9571687870193273,29,10,290
start1000ms,20.808339650044218,22.027134792879224,2.1542471069842577,3.8396199468988925,3.569465281208977,0.9842235590331256,29,10,290
start100ms,20.775222743861377,7.122088343137875,2.1979877471458167,3.897911325097084,3.5638321188744158,0.9624556282069534,29,10,290
