filters,adaboost.pickle,forest.pickle,gaussiannb.pickle,knn.pickle,qda.pickle,tree.pickle,repetitions
raw,42.98711633950006,12.848243422573432,1.3633814740460366,0.5793571006506681,1.1146375793032348,1.1694411133648828,50
start50ms,21.95334199455101,12.803370589739643,1.3593044874724,0.5819820773322135,1.1173365352442488,1.1309374164557084,50
start500ms,42.98636028985493,12.672123577445745,1.3635224412428215,0.579441090580076,1.1144485488766804,1.176859024912119,50
start200ms,43.303725766949356,46.32100254658144,1.3622334287501872,0.5770311011001468,1.1167945116758347,1.1655770952347666,50
start1000ms,43.25298550527077,46.31408179132268,1.371745315613225,0.5788680703844875,1.1173974829725921,1.1558721567271277,50
start100ms,43.281915879808366,12.744142369949259,1.3599274071166292,0.5817370348377153,1.114258499466814,1.144577247556299,50
