174500,raw,start1000ms,start100ms,start200ms,start500ms,start50ms,,,
adaboost.pickle,0.023030175319325,0.0936869152346205,0.0692273796962317,0.0687977857954979,0.0259693851054294,0.0687150336289865,,,
forest.pickle,0.033279782849907,0.0757441837906779,0.0334040096886669,0.0404211843524677,0.0521449538812583,0.0595581322395187,,,
gaussiannb.pickle,0.00929241956128569,0.00929163477046716,0.00933661088294863,0.0092983875061875,0.00927904284430299,0.00931150281834443,,,
knn.pickle,0.0164742810109091,0.0156641725864232,0.0155003719567348,0.0154767123766285,0.0155225094177334,0.0156231221677775,,,
qda.pickle,0.0155823812543483,0.0155466899389306,0.0155167186828437,0.0155845306338502,0.0155483447659272,0.0155415420985139,,,
tree.pickle,0.00334075856126544,0.00332517578171093,0.00334668289973296,0.00334536643533028,0.00334106623137204,0.00332255811668815,,,