dataset,most_frequent,prior,stratified,uniform
survival-ids,0.6666666666666666,0.6666666666666666,0.8333333333333334,0.6666666666666666
car-hacking,0.2791666666666667,0.2791666666666667,0.24583333333333332,0.21666666666666667
syncan,0.27522935779816515,0.27522935779816515,0.22018348623853212,0.2018348623853211
