model,datapoints,repetitions,total_inferences,total_time,average_time
dummy-car-hacking,1200,10,12000,102.62967106513679,0.0085524725887614
dummy-survival-ids,29,10,290,2.4709521727636456,0.008520524733667744
dummy-syncan,545,10,5450,50.17846925929189,0.009207058579686584
