dataset,most_frequent,prior,stratified,uniform
dummy-survival-ids,0.0,0.0,0.0,0.3333333333333333
dummy-car-hacking,0.20416666666666666,0.20416666666666666,0.2625,0.21666666666666667
dummy-syncan,0.1926605504587156,0.1926605504587156,0.1651376146788991,0.2018348623853211
