model,datapoints,repetitions,total_inferences,total_time,average_time
lstm-survival-ids,1000,100,100000,3353.0590585116297,0.033530590585116295
lstm-car-hacking,1000,100,100000,3615.1971795000136,0.03615197179500013
lstm-syncan,1000,100,100000,3596.3873170530424,0.035963873170530423
