model,datapoints,repetitions,total_inferences,total_time,average_time
mlp3-car-hacking,1200,1000,1200000,6149.492903841659,0.005124577419868049
mlp3-survival-ids,29,1000,29000,148.22016280237585,0.00511104009663365
mlp3-syncan,545,1000,545000,2709.8803131151944,0.004972257455257237
