model,raw,start1000ms,start100ms,start200ms,start500ms,start50ms
knn.pickle,0.3853211009174312,0.7339449541284404,0.5504587155963303,0.6146788990825688,0.6880733944954128,0.4311926605504588
qda.pickle,0.1559633027522936,0.41284403669724773,0.23853211009174313,0.27522935779816515,0.14678899082568808,0.1926605504587156
adaboost.pickle,0.5229357798165137,0.7706422018348624,0.6055045871559633,0.5871559633027523,0.7522935779816514,0.47706422018348627
tree.pickle,0.5229357798165137,0.7614678899082569,0.5871559633027523,0.7155963302752294,0.779816513761468,0.44036697247706424
forest.pickle,0.5137614678899083,0.7614678899082569,0.5779816513761468,0.743119266055046,0.7706422018348624,0.5321100917431193
gaussiannb.pickle,0.42201834862385323,0.6330275229357798,0.5321100917431193,0.5963302752293578,0.6513761467889908,0.45871559633027525
